idna_subject,checker_type,destination,tested_at
00-c1aimn0w.com,AVAILABILITY,domains.list,2021-07-04 07:28:57.970710
00000000000000000000000000000000000000dfjjjhv.000webhostapp.com,AVAILABILITY,domains.list,2021-07-04 07:29:02.686667
000000000000000000000000000yteyeuya.000webhostapp.com,AVAILABILITY,domains.list,2021-07-04 07:29:10.440394
00000000000000000dhl.000webhostapp.com,AVAILABILITY,domains.list,2021-07-04 07:29:11.735428
0000000000000qowowiieueu0000000.000webhostapp.com,AVAILABILITY,domains.list,2021-07-04 07:29:15.108477
00000skunnnn.000webhostapp.com,AVAILABILITY,domains.list,2021-07-04 07:29:17.201932
000945.000webhostapp.com,AVAILABILITY,domains.list,2021-07-04 07:29:19.203934
000wechost.000webhostapp.com,AVAILABILITY,domains.list,2021-07-04 07:29:47.458937
000wexbhost.000webhostapp.com,AVAILABILITY,domains.list,2021-07-04 07:29:48.571484
001-prime-000.com,AVAILABILITY,domains.list,2021-07-04 07:29:49.183043
001tr3nsf00.com,AVAILABILITY,domains.list,2021-07-04 07:29:49.797898
005verf-d.com,AVAILABILITY,domains.list,2021-07-04 07:29:51.298353
005verf-desj.com,AVAILABILITY,domains.list,2021-07-04 07:29:51.722970
005verf-desjactnow.com,AVAILABILITY,domains.list,2021-07-04 07:29:52.155762
005verfdesj-act1.com,AVAILABILITY,domains.list,2021-07-04 07:29:52.613816
005verfdesj-action.com,AVAILABILITY,domains.list,2021-07-04 07:29:52.965804
009verf-desj.com,AVAILABILITY,domains.list,2021-07-04 07:30:00.366174
00de.blob.core.windows.net,AVAILABILITY,domains.list,2021-07-04 07:30:01.526097
00emt123.com,AVAILABILITY,domains.list,2021-07-04 07:30:01.815946
00vk.tk,AVAILABILITY,domains.list,2021-07-04 07:30:05.477841
01921.cnltsln.com,AVAILABILITY,domains.list,2021-07-04 07:30:31.150136
0202202comcast0212145.000webhostapp.com,AVAILABILITY,domains.list,2021-07-04 07:30:32.817731
025g.top,AVAILABILITY,domains.list,2021-07-04 07:30:35.913494
02ci-bc3lk.com,AVAILABILITY,domains.list,2021-07-04 07:30:38.430302
02ci9bc-33i.com,AVAILABILITY,domains.list,2021-07-04 07:30:38.798589
041ffb0c97e1baf5ae407c63f4feffa5.com,AVAILABILITY,domains.list,2021-07-04 07:30:42.586215
05-006-001.com,AVAILABILITY,domains.list,2021-07-04 07:31:05.703154
0517.info,AVAILABILITY,domains.list,2021-07-04 07:31:06.296421
05verf-lcd.com,AVAILABILITY,domains.list,2021-07-04 07:31:15.462890
05verification-desjconnection.com,AVAILABILITY,domains.list,2021-07-04 07:31:15.815536
06ci9bc-73.com,AVAILABILITY,domains.list,2021-07-04 07:31:17.891289
06thsense.com,AVAILABILITY,domains.list,2021-07-04 07:31:18.460361
07701-d3p01slt.com,AVAILABILITY,domains.list,2021-07-04 07:31:30.810335
09-2019adesao-way--sac.cloudaccess.host,AVAILABILITY,domains.list,2021-07-04 07:31:46.086323
0913291928783581922.top,AVAILABILITY,domains.list,2021-07-04 07:31:55.372329
09dhhgy.000webhostapp.com,AVAILABILITY,domains.list,2021-07-04 07:32:01.221286
0ba78f946b44b89512810cd0ed4ab48d.com,AVAILABILITY,domains.list,2021-07-04 07:32:12.612766
0ba78f946b44b89512810cd0ed4ab48g.com,AVAILABILITY,domains.list,2021-07-04 07:32:13.062166
0ba78f946b44b89512810cd0ed4ab48h.com,AVAILABILITY,domains.list,2021-07-04 07:32:13.508123
0ba78f946b44b89512810cd0ed4ab48i.com,AVAILABILITY,domains.list,2021-07-04 07:32:13.996615
0bdf93b0ac554038aa992ea57ab31d4e.testing-url.ws,AVAILABILITY,domains.list,2021-07-04 07:32:16.147358
0bmen-money.club,AVAILABILITY,domains.list,2021-07-04 07:32:16.698641
0bmen-money.ru,AVAILABILITY,domains.list,2021-07-04 07:32:18.219937
0cv8mgq5a2qgm.com,AVAILABILITY,domains.list,2021-07-04 07:32:26.175079
0hc3rl.18346.m.jiacaikeji.com,AVAILABILITY,domains.list,2021-07-04 07:32:38.903051
0ni1ne-tr3nsf.com,AVAILABILITY,domains.list,2021-07-04 07:32:47.290109
0ni1ne-tr3nsf12.com,AVAILABILITY,domains.list,2021-07-04 07:32:47.649866
0nlii2-tr4nsf.com,AVAILABILITY,domains.list,2021-07-04 07:32:48.101705
0nline01.com,AVAILABILITY,domains.list,2021-07-04 07:32:54.016312
0pastime0.000webhostapp.com,AVAILABILITY,domains.list,2021-07-04 07:33:03.121344
0thydr0.com,AVAILABILITY,domains.list,2021-07-04 07:33:38.866519
0u098.000webhostapp.com,AVAILABILITY,domains.list,2021-07-04 07:33:46.295650
0webhos.000webhostapp.com,AVAILABILITY,domains.list,2021-07-04 07:34:01.481098
0webhos1.000webhostapp.com,AVAILABILITY,domains.list,2021-07-04 07:34:02.581416
0xzgydq0mea2j.com,AVAILABILITY,domains.list,2021-07-04 07:34:05.164884
1.boeycreative.com,AVAILABILITY,domains.list,2021-07-04 07:34:09.891839
100-americaamazon-900.com,AVAILABILITY,domains.list,2021-07-04 07:34:12.144108
100-customersatisfaction-000.com,AVAILABILITY,domains.list,2021-07-04 07:34:12.572614
100000munkahely.hu,AVAILABILITY,domains.list,2021-07-04 07:34:19.553695
1000019322.com,AVAILABILITY,domains.list,2021-07-04 07:34:20.021622
10001golos.000webhostapp.com,AVAILABILITY,domains.list,2021-07-04 07:34:20.872817
10001ref.com,AVAILABILITY,domains.list,2021-07-04 07:34:21.368106
1001balonfestivali.com,AVAILABILITY,domains.list,2021-07-04 07:34:21.808361
100manet.com,AVAILABILITY,domains.list,2021-07-04 07:34:38.385213
100manet.pro,AVAILABILITY,domains.list,2021-07-04 07:34:38.935573
100monetok.online,AVAILABILITY,domains.list,2021-07-04 07:35:00.164833
101animals.ru,AVAILABILITY,domains.list,2021-07-04 07:35:07.699413
101osiejoiste.club,AVAILABILITY,domains.list,2021-07-04 07:35:08.149841
10305371.com,AVAILABILITY,domains.list,2021-07-04 07:35:16.845213
105fm.top,AVAILABILITY,domains.list,2021-07-04 07:35:26.339480
10dolst1st.com,AVAILABILITY,domains.list,2021-07-04 07:35:56.621160
10x24.net,AVAILABILITY,domains.list,2021-07-04 07:36:06.626509
10x8headshots.com,AVAILABILITY,domains.list,2021-07-04 07:36:12.962597
11111111112300.000webhostapp.com,AVAILABILITY,domains.list,2021-07-04 07:36:14.636473
111261515111152harison11.blob.core.windows.net,AVAILABILITY,domains.list,2021-07-04 07:36:20.244168
114123123163harrison1.blob.core.windows.net,AVAILABILITY,domains.list,2021-07-04 07:36:27.665231
114151551115411lily11.blob.core.windows.net,AVAILABILITY,domains.list,2021-07-04 07:36:28.133247
1153-an-morpheme.com,AVAILABILITY,domains.list,2021-07-04 07:36:29.462957
11541526415harrison11.blob.core.windows.net,AVAILABILITY,domains.list,2021-07-04 07:36:29.836143
1201.nccdn.net,AVAILABILITY,domains.list,2021-07-04 07:36:33.382396
1211212134324228.top,AVAILABILITY,domains.list,2021-07-04 07:36:36.076355
1221198qq.ml,AVAILABILITY,domains.list,2021-07-04 07:36:37.462684
1221198qq.tk,AVAILABILITY,domains.list,2021-07-04 07:36:44.703091
122626262652drm12.blob.core.windows.net,AVAILABILITY,domains.list,2021-07-04 07:36:57.900026
123-dhl-mails.com.ng,AVAILABILITY,domains.list,2021-07-04 07:36:58.864551
123online23456789.000webhostapp.com,AVAILABILITY,domains.list,2021-07-04 07:37:47.251762
123putlockers.co,AVAILABILITY,domains.list,2021-07-04 07:37:49.701152
12415125512-checkpoint.com,AVAILABILITY,domains.list,2021-07-04 07:37:50.391909
124carterlane.com,AVAILABILITY,domains.list,2021-07-04 07:37:50.874421
1251215215152152balo12.blob.core.windows.net,AVAILABILITY,domains.list,2021-07-04 07:37:51.355979
126341564156deboh12.blob.core.windows.net,AVAILABILITY,domains.list,2021-07-04 07:37:57.281164
1313596456416ridden13.blob.core.windows.net,AVAILABILITY,domains.list,2021-07-04 07:38:04.082977
13138138.com,AVAILABILITY,domains.list,2021-07-04 07:38:04.585382
13256125613knfgt13.blob.core.windows.net,AVAILABILITY,domains.list,2021-07-04 07:38:05.047737
1341evensong.com,AVAILABILITY,domains.list,2021-07-04 07:38:13.134638
136294.ml,AVAILABILITY,domains.list,2021-07-04 07:38:16.834443
1363216216312561james13.blob.core.windows.net,AVAILABILITY,domains.list,2021-07-04 07:38:17.300571
1371-macdougall.com,AVAILABILITY,domains.list,2021-07-04 07:38:18.587241
1377betrayal.com,AVAILABILITY,domains.list,2021-07-04 07:38:19.122764
13803141300.com,AVAILABILITY,domains.list,2021-07-04 07:38:19.610245
1426363263knfgt14.blob.core.windows.net,AVAILABILITY,domains.list,2021-07-04 07:38:24.897297
14414515411414stoner14.blob.core.windows.net,AVAILABILITY,domains.list,2021-07-04 07:38:25.299566
1452163212632636bella14.blob.core.windows.net,AVAILABILITY,domains.list,2021-07-04 07:38:26.035278
1452banisterschnabel.com,AVAILABILITY,domains.list,2021-07-04 07:38:26.539243
150alert-id.com,AVAILABILITY,domains.list,2021-07-04 07:38:33.485265
1512263152115k15.blob.core.windows.net,AVAILABILITY,domains.list,2021-07-04 07:38:33.908624
152526325carbin15.blob.core.windows.net,AVAILABILITY,domains.list,2021-07-04 07:38:34.597254
1572qz.com,AVAILABILITY,domains.list,2021-07-04 07:38:37.921280
16.mozillaph.org,AVAILABILITY,domains.list,2021-07-04 07:38:40.236306
1605hesterglobbrought.com,AVAILABILITY,domains.list,2021-07-04 07:38:40.576085
1615616315nlammy16.blob.core.windows.net,AVAILABILITY,domains.list,2021-07-04 07:38:42.843257
163126.000webhostapp.com,AVAILABILITY,domains.list,2021-07-04 07:38:45.114529
163416416easy16.blob.core.windows.net,AVAILABILITY,domains.list,2021-07-04 07:38:45.490255
1644124132.mokamarket.ir,AVAILABILITY,domains.list,2021-07-04 07:38:50.002323
168.bg,AVAILABILITY,domains.list,2021-07-04 07:39:11.284723
168hourlifeweek.com,AVAILABILITY,domains.list,2021-07-04 07:39:11.746137
16ci-bc23a.com,AVAILABILITY,domains.list,2021-07-04 07:39:12.207612
17263263mastrmind17.blob.core.windows.net,AVAILABILITY,domains.list,2021-07-04 07:39:12.502261
1735-sapphire.com,AVAILABILITY,domains.list,2021-07-04 07:39:21.235501
17634164165126remlat17.blob.core.windows.net,AVAILABILITY,domains.list,2021-07-04 07:39:21.712478
1788-lombard-miller.com,AVAILABILITY,domains.list,2021-07-04 07:39:22.973719
18047.top,AVAILABILITY,domains.list,2021-07-04 07:39:26.166191
1814capacitorunivariate.com,AVAILABILITY,domains.list,2021-07-04 07:39:26.629274
1826326312633126bill18.blob.core.windows.net,AVAILABILITY,domains.list,2021-07-04 07:39:27.143878
1827a5c1b772cf739.southernweyr.us,AVAILABILITY,domains.list,2021-07-04 07:39:27.867624
18664copier.com,AVAILABILITY,domains.list,2021-07-04 07:39:28.237883
1866newton.com,AVAILABILITY,domains.list,2021-07-04 07:39:28.663541
1893hollow.com,AVAILABILITY,domains.list,2021-07-04 07:39:32.194289
1895raman.com,AVAILABILITY,domains.list,2021-07-04 07:39:32.618100
19026321632632easy19.blob.core.windows.net,AVAILABILITY,domains.list,2021-07-04 07:39:40.933784
19265125621harison19.blob.core.windows.net,AVAILABILITY,domains.list,2021-07-04 07:39:47.228644
1992319091web.com,AVAILABILITY,domains.list,2021-07-04 07:42:16.428127
1bnacion.com,AVAILABILITY,domains.list,2021-07-04 07:42:54.813058
1cadastre.com,AVAILABILITY,domains.list,2021-07-04 07:42:55.323823
1clbc.com,AVAILABILITY,domains.list,2021-07-04 07:42:55.965589
1dollarclub.net,AVAILABILITY,domains.list,2021-07-04 07:43:11.997978
1fido.info,AVAILABILITY,domains.list,2021-07-04 07:43:36.991022
1milyarsoz.com,AVAILABILITY,domains.list,2021-07-04 07:44:06.073357
1nfos-2suport.fr,AVAILABILITY,domains.list,2021-07-04 07:44:07.728223
1nstagramlog.000webhostapp.com,AVAILABILITY,domains.list,2021-07-04 07:44:16.235910
1nt3erac1-1acc1ess1-secur1ty3.com,AVAILABILITY,domains.list,2021-07-04 07:44:16.698591
1nter1ac-acce3ss1-ref1nd3.com,AVAILABILITY,domains.list,2021-07-04 07:44:16.990517
1of1junkremoval.com,AVAILABILITY,domains.list,2021-07-04 07:44:19.139453
1otpa.pro,AVAILABILITY,domains.list,2021-07-04 07:44:24.919536
1pay-pal1-t3am-conf1rm.com,AVAILABILITY,domains.list,2021-07-04 07:44:25.245751
1pro.lv,AVAILABILITY,domains.list,2021-07-04 07:44:28.160699
1produtoporcliente.com,AVAILABILITY,domains.list,2021-07-04 07:44:28.492495
1pwo.top,AVAILABILITY,domains.list,2021-07-04 07:44:29.768979
1qazxcvb23456789.000webhostapp.com,AVAILABILITY,domains.list,2021-07-04 07:44:31.591890
1quick1form.top,AVAILABILITY,domains.list,2021-07-04 07:44:55.896192
1quickform.top,AVAILABILITY,domains.list,2021-07-04 07:44:57.692355
1safedeposit.com,AVAILABILITY,domains.list,2021-07-04 07:44:58.905853
1scureroger75.com,AVAILABILITY,domains.list,2021-07-04 07:44:59.201889
1serv-cib3c.com,AVAILABILITY,domains.list,2021-07-04 07:44:59.506245
1st-bitkoin.ru,AVAILABILITY,domains.list,2021-07-04 07:45:03.484865
1stmobilemedia.com,AVAILABILITY,domains.list,2021-07-04 07:45:10.664486
1sukjo2awigmeojvashk1scze4cyxjs0ide12vz2.com,AVAILABILITY,domains.list,2021-07-04 07:45:14.853118
1swerese.com,AVAILABILITY,domains.list,2021-07-04 07:45:15.133944
1team-1paypal-1acc3s.com,AVAILABILITY,domains.list,2021-07-04 07:45:15.443246
1tms.co.uk,AVAILABILITY,domains.list,2021-07-04 07:45:16.141778
1tmsz.co.uk,AVAILABILITY,domains.list,2021-07-04 07:45:23.485680
1und1-ww.com,AVAILABILITY,domains.list,2021-07-04 07:45:23.780107
1und1decollect.tumblr.com,AVAILABILITY,domains.list,2021-07-04 07:45:29.291703
1usadoor-hardware.live,AVAILABILITY,domains.list,2021-07-04 07:45:29.797887
1xoster1.ru,AVAILABILITY,domains.list,2021-07-04 07:45:33.582584
2019-09-way-user.cloudaccess.host,AVAILABILITY,domains.list,2021-07-04 07:46:24.078154
2019-aktualisierung-deutschland-center.top,AVAILABILITY,domains.list,2021-07-04 07:46:35.043455
2019-datenschutz-grundverordnung-aktualisierung.top,AVAILABILITY,domains.list,2021-07-04 07:46:36.017795
2019invitationletter.com,AVAILABILITY,domains.list,2021-07-04 07:46:41.535767
2019ripplegiveaway.tumblr.com,AVAILABILITY,domains.list,2021-07-04 07:46:46.995529
2019satdaan.com,AVAILABILITY,domains.list,2021-07-04 07:46:47.293999
2019setembromglu.com,AVAILABILITY,domains.list,2021-07-04 07:46:52.819306
2019vk.com,AVAILABILITY,domains.list,2021-07-04 07:46:53.117602
207.000webhostapp.com,AVAILABILITY,domains.list,2021-07-04 07:46:57.141401
209856.000webhostapp.com,AVAILABILITY,domains.list,2021-07-04 07:47:18.483748
20eth.epizy.com,AVAILABILITY,domains.list,2021-07-04 07:47:32.408623
214451564156easy2.blob.core.windows.net,AVAILABILITY,domains.list,2021-07-04 07:47:43.363514
22115148541855841lily2.blob.core.windows.net,AVAILABILITY,domains.list,2021-07-04 07:47:52.207856
2224c273eabd4faf9c017969789396e4.com,AVAILABILITY,domains.list,2021-07-04 07:47:53.639238
222v888.com,AVAILABILITY,domains.list,2021-07-04 07:47:59.207031
2256125612ksha2.blob.core.windows.net,AVAILABILITY,domains.list,2021-07-04 07:47:59.475838
2321321312312.epizy.com,AVAILABILITY,domains.list,2021-07-04 07:48:11.927399
2342342342342328.top,AVAILABILITY,domains.list,2021-07-04 07:48:20.961830
2342345343352222328.top,AVAILABILITY,domains.list,2021-07-04 07:48:26.212620
2342345343352228.top,AVAILABILITY,domains.list,2021-07-04 07:48:28.025553
24-bitex.net,AVAILABILITY,domains.list,2021-07-04 07:49:18.345938
246zl.hk,AVAILABILITY,domains.list,2021-07-04 07:49:49.878199
24autobmen.ru,AVAILABILITY,domains.list,2021-07-04 07:50:11.393997
24bestchange.com,AVAILABILITY,domains.list,2021-07-04 07:50:11.765434
24exchangemak.top,AVAILABILITY,domains.list,2021-07-04 07:50:14.735146
24exchangevip.top,AVAILABILITY,domains.list,2021-07-04 07:50:16.298606
24fxgoldvault.com,AVAILABILITY,domains.list,2021-07-04 07:50:16.648235
24fxtradetech.com,AVAILABILITY,domains.list,2021-07-04 07:50:17.004167
24hourtowwalnutcreek.com,AVAILABILITY,domains.list,2021-07-04 07:50:17.388446
24kupibit.ru,AVAILABILITY,domains.list,2021-07-04 07:50:25.858239
24nebo.ru,AVAILABILITY,domains.list,2021-07-04 07:50:27.105091
24paybank.cc,AVAILABILITY,domains.list,2021-07-04 07:50:27.526206
24paybank.pro,AVAILABILITY,domains.list,2021-07-04 07:50:34.687522
24paybank.top,AVAILABILITY,domains.list,2021-07-04 07:50:36.208740
24payibanki.online,AVAILABILITY,domains.list,2021-07-04 07:50:38.632547
24trade.pro,AVAILABILITY,domains.list,2021-07-04 07:50:45.691028
25189.shengwangsw.com,AVAILABILITY,domains.list,2021-07-04 07:50:54.306998
257cranespicefireside.com,AVAILABILITY,domains.list,2021-07-04 07:50:57.192468
26215641522james2.blob.core.windows.net,AVAILABILITY,domains.list,2021-07-04 07:51:02.962640
26761322.ginia51.club,AVAILABILITY,domains.list,2021-07-04 07:51:03.231144
27046.edu.cn.9duzone.com,AVAILABILITY,domains.list,2021-07-04 07:51:37.547744
2782399.azureedge.net,AVAILABILITY,domains.list,2021-07-04 07:51:40.988344
28jsh.info,AVAILABILITY,domains.list,2021-07-04 07:51:58.690964
293438989393223.top,AVAILABILITY,domains.list,2021-07-04 07:52:20.441576
2965e3380f97af245.southernweyr.us,AVAILABILITY,domains.list,2021-07-04 07:52:21.267583
298164837184.azureedge.net,AVAILABILITY,domains.list,2021-07-04 07:52:21.752343
2and3for9.sslblindado.com,AVAILABILITY,domains.list,2021-07-04 07:52:47.843758
2bcit.net.ru,AVAILABILITY,domains.list,2021-07-04 07:53:03.285726
2bcit.org.ru,AVAILABILITY,domains.list,2021-07-04 07:53:04.563912
2bcit.pp.ru,AVAILABILITY,domains.list,2021-07-04 07:53:16.946111
2bift.info,AVAILABILITY,domains.list,2021-07-04 07:53:22.944640
2bikt.net.ru,AVAILABILITY,domains.list,2021-07-04 07:53:25.262557
2bikt.org.ru,AVAILABILITY,domains.list,2021-07-04 07:53:27.608578
2bikt.pp.ru,AVAILABILITY,domains.list,2021-07-04 07:53:36.687825
2bint.net.ru,AVAILABILITY,domains.list,2021-07-04 07:53:49.004379
2bint.org.ru,AVAILABILITY,domains.list,2021-07-04 07:54:01.015731
2bint.pp.ru,AVAILABILITY,domains.list,2021-07-04 07:54:03.965908
2birt.net.ru,AVAILABILITY,domains.list,2021-07-04 07:54:05.604144
2birt.org.ru,AVAILABILITY,domains.list,2021-07-04 07:54:07.840883
2bizt.net.ru,AVAILABILITY,domains.list,2021-07-04 07:54:09.533062
2bizt.org.ru,AVAILABILITY,domains.list,2021-07-04 07:54:16.776002
2bizt.pp.ru,AVAILABILITY,domains.list,2021-07-04 07:54:25.117304
2bsit.net.ru,AVAILABILITY,domains.list,2021-07-04 07:54:26.797203
2bsit.org.ru,AVAILABILITY,domains.list,2021-07-04 07:54:28.741028
2bsit.pp.ru,AVAILABILITY,domains.list,2021-07-04 07:54:31.543808
2btit.net.ru,AVAILABILITY,domains.list,2021-07-04 07:54:33.779860
2btit.org.ru,AVAILABILITY,domains.list,2021-07-04 07:54:35.545703
2btit.pp.ru,AVAILABILITY,domains.list,2021-07-04 07:54:38.315039
2bzit.pp.ru,AVAILABILITY,domains.list,2021-07-04 07:54:40.076072
2ca-access.info,AVAILABILITY,domains.list,2021-07-04 07:54:40.681855
2cbit.net.ru,AVAILABILITY,domains.list,2021-07-04 07:54:42.430420
2cbit.org.ru,AVAILABILITY,domains.list,2021-07-04 07:54:49.425263
2cbit.pp.ru,AVAILABILITY,domains.list,2021-07-04 07:55:02.298104
2clbc.com,AVAILABILITY,domains.list,2021-07-04 07:55:08.700035
2d3s.000webhostapp.com,AVAILABILITY,domains.list,2021-07-04 07:55:27.825022
2dehands-verificatieonline.info,AVAILABILITY,domains.list,2021-07-04 07:55:29.852061
2dehands.be-inloggen.in,AVAILABILITY,domains.list,2021-07-04 07:55:30.088139
2dehandsverificatie.be,AVAILABILITY,domains.list,2021-07-04 07:55:35.996083
2dsistemi.it,AVAILABILITY,domains.list,2021-07-04 07:55:38.935628
2fa-myetherwallet.com,AVAILABILITY,domains.list,2021-07-04 07:55:46.458121
2ibit.net.ru,AVAILABILITY,domains.list,2021-07-04 07:55:50.863010
2jdch8u.blob.core.windows.net,AVAILABILITY,domains.list,2021-07-04 07:55:56.529895
2kdseajcgjby3sot2knn.galton.pila.pl,AVAILABILITY,domains.list,2021-07-04 07:56:27.613410
2monkeyhomestay.com,AVAILABILITY,domains.list,2021-07-04 07:56:43.769955
2nastyvo.uk,AVAILABILITY,domains.list,2021-07-04 07:56:45.879974
2operadoratrend-lazernatrend.com,AVAILABILITY,domains.list,2021-07-04 07:56:46.847494
2rbit.pp.ru,AVAILABILITY,domains.list,2021-07-04 07:56:49.893038
2sbit.net.ru,AVAILABILITY,domains.list,2021-07-04 07:56:51.589141
2sbit.pp.ru,AVAILABILITY,domains.list,2021-07-04 07:56:55.066121
2sfv.pro,AVAILABILITY,domains.list,2021-07-04 07:57:06.579889
2spadaforedrive.ga,AVAILABILITY,domains.list,2021-07-04 07:57:18.361613
2sukjo2awigmeojvashk1scze4cyxjs0ide12vz2.com,AVAILABILITY,domains.list,2021-07-04 07:58:06.588040
2support-activation-nab.com,AVAILABILITY,domains.list,2021-07-04 07:58:07.024467
2trendgrupolazer.com,AVAILABILITY,domains.list,2021-07-04 07:58:08.049703
2url.de,AVAILABILITY,domains.list,2021-07-04 07:58:20.204858
2vrs.pro,AVAILABILITY,domains.list,2021-07-04 07:58:21.044450
2x2change.top,AVAILABILITY,domains.list,2021-07-04 07:58:26.930024
2xbit.net.ru,AVAILABILITY,domains.list,2021-07-04 07:58:30.609161
2xfashion.com,AVAILABILITY,domains.list,2021-07-04 07:58:31.034061
2zbit.net.ru,AVAILABILITY,domains.list,2021-07-04 07:58:33.110458
2zbit.org.ru,AVAILABILITY,domains.list,2021-07-04 07:58:34.510183
2zbit.pp.ru,AVAILABILITY,domains.list,2021-07-04 07:58:35.977549
300collin.com,AVAILABILITY,domains.list,2021-07-04 07:58:38.843055
305expositionplainfield.com,AVAILABILITY,domains.list,2021-07-04 07:58:42.073844
305ncwater.com,AVAILABILITY,domains.list,2021-07-04 07:58:42.481153
30ansdhl.net,AVAILABILITY,domains.list,2021-07-04 07:58:43.576939
30dayaffiliatechallenge.com,AVAILABILITY,domains.list,2021-07-04 07:58:43.969401
30horas5eguranca.com,AVAILABILITY,domains.list,2021-07-04 07:58:44.310215
31261563231146313lily3.blob.core.windows.net,AVAILABILITY,domains.list,2021-07-04 07:58:49.068184
31515414854785harrin3.blob.core.windows.net,AVAILABILITY,domains.list,2021-07-04 07:58:49.952403
31ht61.com,AVAILABILITY,domains.list,2021-07-04 07:58:58.955519
321badwood.com,AVAILABILITY,domains.list,2021-07-04 07:59:21.107467
32359262c3.d2d8e6823d9b.uschasers.life,AVAILABILITY,domains.list,2021-07-04 07:59:21.893167
32428093091231862.top,AVAILABILITY,domains.list,2021-07-04 07:59:24.367414
324285643235612.top,AVAILABILITY,domains.list,2021-07-04 07:59:25.560178
32432434324335665413.top,AVAILABILITY,domains.list,2021-07-04 07:59:27.146583
3264164348543balo3.blob.core.windows.net,AVAILABILITY,domains.list,2021-07-04 07:59:28.510462
32bf.000webhostapp.com,AVAILABILITY,domains.list,2021-07-04 07:59:30.569271
33qwea22.000webhostapp.com,AVAILABILITY,domains.list,2021-07-04 07:59:35.188031
3423423423432113.top,AVAILABILITY,domains.list,2021-07-04 07:59:36.947769
3424234234234.epizy.com,AVAILABILITY,domains.list,2021-07-04 07:59:37.710783
3424892389238923.top,AVAILABILITY,domains.list,2021-07-04 07:59:38.901711
34832342342323228.top,AVAILABILITY,domains.list,2021-07-04 07:59:47.955021
3483898234323228.top,AVAILABILITY,domains.list,2021-07-04 07:59:57.812454
348389849239828.top,AVAILABILITY,domains.list,2021-07-04 07:59:59.304959
34892892348923.top,AVAILABILITY,domains.list,2021-07-04 08:00:00.790272
34di0rnpdnfn6w.000webhostapp.com,AVAILABILITY,domains.list,2021-07-04 08:00:02.661221
3559hd.com,AVAILABILITY,domains.list,2021-07-04 08:00:04.297553
3596493485413dypsa3.blob.core.windows.net,AVAILABILITY,domains.list,2021-07-04 08:00:04.783679
360trips.pk,AVAILABILITY,domains.list,2021-07-04 08:00:20.494080
365-cash.top,AVAILABILITY,domains.list,2021-07-04 08:00:21.368320
365.edonhappen.com,AVAILABILITY,domains.list,2021-07-04 08:00:22.435048
365cbange.info,AVAILABILITY,domains.list,2021-07-04 08:00:24.146087
365chaange.net.ru,AVAILABILITY,domains.list,2021-07-04 08:00:25.408674
365chaange.org.ru,AVAILABILITY,domains.list,2021-07-04 08:00:27.623491
365chaange.pp.ru,AVAILABILITY,domains.list,2021-07-04 08:00:29.973901
365chacnge.net.ru,AVAILABILITY,domains.list,2021-07-04 08:00:31.965105
365chacnge.org.ru,AVAILABILITY,domains.list,2021-07-04 08:00:33.721170
365chacnge.pp.ru,AVAILABILITY,domains.list,2021-07-04 08:00:36.026222
365chamnge.net.ru,AVAILABILITY,domains.list,2021-07-04 08:00:37.490311
365chamnge.org.ru,AVAILABILITY,domains.list,2021-07-04 08:00:39.597919
365chamnge.pp.ru,AVAILABILITY,domains.list,2021-07-04 08:00:41.676421
365chancge.net.ru,AVAILABILITY,domains.list,2021-07-04 08:00:43.399812
365chancge.org.ru,AVAILABILITY,domains.list,2021-07-04 08:00:45.319855
365chancge.pp.ru,AVAILABILITY,domains.list,2021-07-04 08:00:46.601494
365changge.net.ru,AVAILABILITY,domains.list,2021-07-04 08:00:50.348134
365changge.org.ru,AVAILABILITY,domains.list,2021-07-04 08:00:51.836545
365changge.pp.ru,AVAILABILITY,domains.list,2021-07-04 08:00:53.383604
365changje.net.ru,AVAILABILITY,domains.list,2021-07-04 08:00:54.546452
365changje.pp.ru,AVAILABILITY,domains.list,2021-07-04 08:00:56.362694
365changpe.net.ru,AVAILABILITY,domains.list,2021-07-04 08:00:57.852681
365changpe.org.ru,AVAILABILITY,domains.list,2021-07-04 08:00:59.809721
365changqe.net.ru,AVAILABILITY,domains.list,2021-07-04 08:01:01.673642
365changqe.org.ru,AVAILABILITY,domains.list,2021-07-04 08:01:02.851261
365changqe.pp.ru,AVAILABILITY,domains.list,2021-07-04 08:01:04.745553
365changre.net.ru,AVAILABILITY,domains.list,2021-07-04 08:01:06.889427
365channge.net.ru,AVAILABILITY,domains.list,2021-07-04 08:01:08.134769
365channge.org.ru,AVAILABILITY,domains.list,2021-07-04 08:01:09.864075
365channge.pp.ru,AVAILABILITY,domains.list,2021-07-04 08:01:11.287430
365chanrge.net.ru,AVAILABILITY,domains.list,2021-07-04 08:01:12.978159
365chanrge.org.ru,AVAILABILITY,domains.list,2021-07-04 08:01:14.963739
365chansge.net.ru,AVAILABILITY,domains.list,2021-07-04 08:01:16.829909
365chansge.org.ru,AVAILABILITY,domains.list,2021-07-04 08:01:18.154196
365chansge.pp.ru,AVAILABILITY,domains.list,2021-07-04 08:01:18.949370
365charnge.net.ru,AVAILABILITY,domains.list,2021-07-04 08:01:20.638219
365charnge.pp.ru,AVAILABILITY,domains.list,2021-07-04 08:01:22.392179
365http.uk,AVAILABILITY,domains.list,2021-07-04 08:01:22.970450
365owa.ga,AVAILABILITY,domains.list,2021-07-04 08:01:30.580612
367r.top,AVAILABILITY,domains.list,2021-07-04 08:01:33.410300
36yht.000webhostapp.com,AVAILABILITY,domains.list,2021-07-04 08:01:34.517744
38-ho.com,AVAILABILITY,domains.list,2021-07-04 08:01:37.272828
3838.pm,AVAILABILITY,domains.list,2021-07-04 08:01:38.489970
3838transakcja.eu,AVAILABILITY,domains.list,2021-07-04 08:01:39.162922
39-ho.com,AVAILABILITY,domains.list,2021-07-04 08:01:41.224914
39080.topspin.com.au,AVAILABILITY,domains.list,2021-07-04 08:01:45.474069
395182.000webhostapp.com,AVAILABILITY,domains.list,2021-07-04 08:01:47.777441
397386378367446875764824637846345372843535455.000webhostapp.com,AVAILABILITY,domains.list,2021-07-04 08:01:48.600220
3agencialazer.com,AVAILABILITY,domains.list,2021-07-04 08:01:49.417496
3arduino.com,AVAILABILITY,domains.list,2021-07-04 08:01:50.321943
3ax3i.com,AVAILABILITY,domains.list,2021-07-04 08:01:50.734824
3cdc3e10-9520-45ea-be93-f8c8c35235f9.boh8gaeduph.com,AVAILABILITY,domains.list,2021-07-04 08:01:51.304080
3dcleanlaundry.com,AVAILABILITY,domains.list,2021-07-04 08:01:52.124339
3dopewomen.info,AVAILABILITY,domains.list,2021-07-04 08:01:56.163954
3dstudio.com.pk,AVAILABILITY,domains.list,2021-07-04 08:01:58.706339
3f5d.top,AVAILABILITY,domains.list,2021-07-04 08:02:04.629561
3m25hm.cn,AVAILABILITY,domains.list,2021-07-04 08:02:31.617822
3rdparty.com.ng,AVAILABILITY,domains.list,2021-07-04 08:02:51.882792
3rf4efffdf.000webhostapp.com,AVAILABILITY,domains.list,2021-07-04 08:02:54.936342
3zien.org,AVAILABILITY,domains.list,2021-07-04 08:03:03.902362
4000ce.com,AVAILABILITY,domains.list,2021-07-04 08:03:05.420031
40425511365055.azureedge.net,AVAILABILITY,domains.list,2021-07-04 08:03:07.100055
415615641flex17.blob.core.windows.net,AVAILABILITY,domains.list,2021-07-04 08:03:31.365698
4163163612631634regin4.blob.core.windows.net,AVAILABILITY,domains.list,2021-07-04 08:03:31.615412
41651524154158carpin18.blob.core.windows.net,AVAILABILITY,domains.list,2021-07-04 08:03:31.823539
41786.shengwangsw.com,AVAILABILITY,domains.list,2021-07-04 08:03:32.121537
420auth.com,AVAILABILITY,domains.list,2021-07-04 08:03:34.073426
422-pjsf.club,AVAILABILITY,domains.list,2021-07-04 08:03:34.443398
422-woodlot.com,AVAILABILITY,domains.list,2021-07-04 08:03:34.887562
42244653hfgjfgncncbncbmncmcmcm.000webhostapp.com,AVAILABILITY,domains.list,2021-07-04 08:03:35.599078
43213.000webhostapp.com,AVAILABILITY,domains.list,2021-07-04 08:03:38.056153
44333gr.000webhostapp.com,AVAILABILITY,domains.list,2021-07-04 08:03:40.315126
444gttg4563677.000webhostapp.com,AVAILABILITY,domains.list,2021-07-04 08:03:42.091199
446312615526365gost4.blob.core.windows.net,AVAILABILITY,domains.list,2021-07-04 08:03:43.397996
45624854526455michal4.blob.core.windows.net,AVAILABILITY,domains.list,2021-07-04 08:04:12.222043
456h4ztaff.000webhostapp.com,AVAILABILITY,domains.list,2021-07-04 08:04:13.216907
45tyu.000webhostapp.com,AVAILABILITY,domains.list,2021-07-04 08:04:15.133805
464444333.000webhostapp.com,AVAILABILITY,domains.list,2021-07-04 08:04:16.231767
4654126312312james1.blob.core.windows.net,AVAILABILITY,domains.list,2021-07-04 08:04:16.565628
469862.000webhostapp.com,AVAILABILITY,domains.list,2021-07-04 08:04:18.168448
47395238418922.top,AVAILABILITY,domains.list,2021-07-04 08:04:20.382821
475huston.com,AVAILABILITY,domains.list,2021-07-04 08:04:23.990588
4839e70cf1.nxcli.net,AVAILABILITY,domains.list,2021-07-04 08:04:25.943411
4949494953434.000webhostapp.com,AVAILABILITY,domains.list,2021-07-04 08:04:28.504656
4abdosh.com,AVAILABILITY,domains.list,2021-07-04 08:04:29.161870
4black4.pro,AVAILABILITY,domains.list,2021-07-04 08:04:31.721888
4d7u.top,AVAILABILITY,domains.list,2021-07-04 08:04:36.244296
4dcontractors.com,AVAILABILITY,domains.list,2021-07-04 08:04:39.062077
4dron.pl,AVAILABILITY,domains.list,2021-07-04 08:04:39.691483
4k.lg-magazineluiza.com,AVAILABILITY,domains.list,2021-07-04 08:04:55.001459
4momnchild.com,AVAILABILITY,domains.list,2021-07-04 08:05:00.547573
4mtravels.com,AVAILABILITY,domains.list,2021-07-04 08:05:03.625131
4q5q.top,AVAILABILITY,domains.list,2021-07-04 08:05:13.860595
4seasonsrentacar.co.uk,AVAILABILITY,domains.list,2021-07-04 08:05:14.974892
4t56y.000webhostapp.com,AVAILABILITY,domains.list,2021-07-04 08:05:18.904385
5000coinbase.us,AVAILABILITY,domains.list,2021-07-04 08:05:39.410352
50shadesofheaven.com,AVAILABILITY,domains.list,2021-07-04 08:05:43.663927
512dwi.harrondiscovery.com,AVAILABILITY,domains.list,2021-07-04 08:05:43.925393
5151521516351256ifybos5.blob.core.windows.net,AVAILABILITY,domains.list,2021-07-04 08:05:44.182249
517859.cf,AVAILABILITY,domains.list,2021-07-04 08:05:50.405311
523lurid.com,AVAILABILITY,domains.list,2021-07-04 08:05:56.183655
5263631263163mrminf8.blob.core.windows.net,AVAILABILITY,domains.list,2021-07-04 08:05:57.427317
5333evolutionprepagata.com,AVAILABILITY,domains.list,2021-07-04 08:05:58.776701
5403po.000webhostapp.com,AVAILABILITY,domains.list,2021-07-04 08:06:01.690396
54219.m.jiacaikeji.com,AVAILABILITY,domains.list,2021-07-04 08:06:01.988178
5432.su,AVAILABILITY,domains.list,2021-07-04 08:06:02.849142
55323117.com,AVAILABILITY,domains.list,2021-07-04 08:06:07.260320
555v777.com,AVAILABILITY,domains.list,2021-07-04 08:06:07.770325
56756975654324223.top,AVAILABILITY,domains.list,2021-07-04 08:06:11.537741
573575734u6jgtdfdgncjgcdjcdgjm.000webhostapp.com,AVAILABILITY,domains.list,2021-07-04 08:06:12.825335
58389ab4c4d19e3cfb6b5e593cc81ae8.farshadbot.tk,AVAILABILITY,domains.list,2021-07-04 08:06:14.380193
591npy.com,AVAILABILITY,domains.list,2021-07-04 08:06:17.045608
5businesssuccesssecrets.com,AVAILABILITY,domains.list,2021-07-04 08:06:38.894290
5ea67lrfdrp1t.com,AVAILABILITY,domains.list,2021-07-04 08:07:09.436728
5ebra.com,AVAILABILITY,domains.list,2021-07-04 08:07:09.875100
5egurancaapp.net,AVAILABILITY,domains.list,2021-07-04 08:14:11.992420
5ervicos.ga,AVAILABILITY,domains.list,2021-07-04 08:14:22.196008
5ervicosbr.cf,AVAILABILITY,domains.list,2021-07-04 08:14:28.897176
5i1yerde.biz,AVAILABILITY,domains.list,2021-07-04 08:14:29.405796
5qcv1bll.top,AVAILABILITY,domains.list,2021-07-04 08:14:34.463367
5sabasement.co.kr,AVAILABILITY,domains.list,2021-07-04 08:14:42.115903
5uv.ru,AVAILABILITY,domains.list,2021-07-04 08:15:08.771320
603691.ga,AVAILABILITY,domains.list,2021-07-04 08:15:44.654126
60845282.ummy83.xyz,AVAILABILITY,domains.list,2021-07-04 08:15:47.180156
61541854158michal6.blob.core.windows.net,AVAILABILITY,domains.list,2021-07-04 08:15:59.128427
621656166556156harison6.blob.core.windows.net,AVAILABILITY,domains.list,2021-07-04 08:16:06.227602
62santehnika.ru,AVAILABILITY,domains.list,2021-07-04 08:16:11.746153
643-archibald-hermit.com,AVAILABILITY,domains.list,2021-07-04 08:16:25.372286
64convencion.com.uy,AVAILABILITY,domains.list,2021-07-04 08:16:42.384091
64cs.top,AVAILABILITY,domains.list,2021-07-04 08:16:44.394191
64maga-clientes.com,AVAILABILITY,domains.list,2021-07-04 08:16:44.922330
654567hy.com,AVAILABILITY,domains.list,2021-07-04 08:16:46.028620
65trrg.000webhostapp.com,AVAILABILITY,domains.list,2021-07-04 08:16:49.601666
665420923111.000webhostapp.com,AVAILABILITY,domains.list,2021-07-04 08:16:55.405565
666666yyyyyyyjjjjjj.000webhostapp.com,AVAILABILITY,domains.list,2021-07-04 08:16:58.780842
666hdh.000webhostapp.com,AVAILABILITY,domains.list,2021-07-04 08:17:05.277483
66frames.com,AVAILABILITY,domains.list,2021-07-04 08:17:07.644612
6700.000webhostapp.com,AVAILABILITY,domains.list,2021-07-04 08:17:10.103517
6767675755556.000webhostapp.com,AVAILABILITY,domains.list,2021-07-04 08:17:18.606189
677678678789798.000webhostapp.com,AVAILABILITY,domains.list,2021-07-04 08:17:19.695569
67775662.reas.xyz,AVAILABILITY,domains.list,2021-07-04 08:17:21.492569
67yearaffair.co.ke,AVAILABILITY,domains.list,2021-07-04 08:17:26.048243
6851customr.com,AVAILABILITY,domains.list,2021-07-04 08:17:26.529036
695-firepower-tripe.com,AVAILABILITY,domains.list,2021-07-04 08:17:40.128564
697343de.000webhostapp.com,AVAILABILITY,domains.list,2021-07-04 08:17:42.133168
69xni9hr.top,AVAILABILITY,domains.list,2021-07-04 08:18:05.503159
6e21a3ad18.000webhostapp.com,AVAILABILITY,domains.list,2021-07-04 08:18:09.079540
6kov.com,AVAILABILITY,domains.list,2021-07-04 08:18:37.001281
6mpt.top,AVAILABILITY,domains.list,2021-07-04 08:18:43.662669
6newsg.com,AVAILABILITY,domains.list,2021-07-04 08:18:44.094586
6ucr2.com,AVAILABILITY,domains.list,2021-07-04 08:19:17.722293
6yjx.top,AVAILABILITY,domains.list,2021-07-04 08:19:22.364465
70desconto.com.br,AVAILABILITY,domains.list,2021-07-04 08:19:36.784021
71263126312632mary7.blob.core.windows.net,AVAILABILITY,domains.list,2021-07-04 08:19:42.447167
71541515215carbin7.blob.core.windows.net,AVAILABILITY,domains.list,2021-07-04 08:19:49.155586
7263127256177jay7.blob.core.windows.net,AVAILABILITY,domains.list,2021-07-04 08:19:55.941579
751mayacautionarynotebook.com,AVAILABILITY,domains.list,2021-07-04 08:20:09.327703
7526416341631bidx7.blob.core.windows.net,AVAILABILITY,domains.list,2021-07-04 08:20:30.220259
75bellonline.com,AVAILABILITY,domains.list,2021-07-04 08:20:32.551518
75collect75.com,AVAILABILITY,domains.list,2021-07-04 08:20:32.915641
75helpdeskadmin47.000webhostapp.com,AVAILABILITY,domains.list,2021-07-04 08:20:35.777834
75rogrscust-etrs.com,AVAILABILITY,domains.list,2021-07-04 08:20:36.164376
76867jklkjklyukl.000webhostapp.com,AVAILABILITY,domains.list,2021-07-04 08:20:59.554908
77arte.com,AVAILABILITY,domains.list,2021-07-04 08:21:06.888690
77zt.top,AVAILABILITY,domains.list,2021-07-04 08:21:09.039416
782-twitchy.com,AVAILABILITY,domains.list,2021-07-04 08:21:09.446246
7a69d5b0a8.000webhostapp.com,AVAILABILITY,domains.list,2021-07-04 08:21:18.846253
7ac29ddd80.000webhostapp.com,AVAILABILITY,domains.list,2021-07-04 08:21:20.255880
7change.ru,AVAILABILITY,domains.list,2021-07-04 08:21:29.299006
7n8o.top,AVAILABILITY,domains.list,2021-07-04 08:21:52.435878
7s3i.top,AVAILABILITY,domains.list,2021-07-04 08:22:03.413159
7sah.numexi.com,AVAILABILITY,domains.list,2021-07-04 08:22:04.396420
7shinjuronl.com,AVAILABILITY,domains.list,2021-07-04 08:22:04.813012
80uj9eifd.000webhostapp.com,AVAILABILITY,domains.list,2021-07-04 08:22:51.105861
812631231238limt8.blob.core.windows.net,AVAILABILITY,domains.list,2021-07-04 08:22:51.773492
821convalescepeking.com,AVAILABILITY,domains.list,2021-07-04 08:22:59.971527
8220halfdomecourt.top,AVAILABILITY,domains.list,2021-07-04 08:23:07.091953
8418541541harison8.blob.core.windows.net,AVAILABILITY,domains.list,2021-07-04 08:23:20.389629
84364703.ummy83.xyz,AVAILABILITY,domains.list,2021-07-04 08:23:20.905980
85110barbiere.net,AVAILABILITY,domains.list,2021-07-04 08:23:21.563847
86554.000webhostapp.com,AVAILABILITY,domains.list,2021-07-04 08:23:34.789499
865940329387user.000webhostapp.com,AVAILABILITY,domains.list,2021-07-04 08:23:41.224431
86686868hhmhmmnm.000webhostapp.com,AVAILABILITY,domains.list,2021-07-04 08:23:42.670385
8763727rri093.ml,AVAILABILITY,domains.list,2021-07-04 08:23:45.149737
8765435676532433.top,AVAILABILITY,domains.list,2021-07-04 08:23:46.850629
887ec115da.000webhostapp.com,AVAILABILITY,domains.list,2021-07-04 08:24:08.346349
888-perspicuous-europe.com,AVAILABILITY,domains.list,2021-07-04 08:24:08.839120
891229312391294362.top,AVAILABILITY,domains.list,2021-07-04 08:24:28.797560
892423892981289413.top,AVAILABILITY,domains.list,2021-07-04 08:24:30.377182
8aaa.cc,AVAILABILITY,domains.list,2021-07-04 08:24:32.680512
8cqm.top,AVAILABILITY,domains.list,2021-07-04 08:24:40.193484
8design.com.br,AVAILABILITY,domains.list,2021-07-04 08:24:41.822617
8dmusicandaudio.com,AVAILABILITY,domains.list,2021-07-04 08:24:47.728950
8i7i.top,AVAILABILITY,domains.list,2021-07-04 08:25:03.639324
8pw4.top,AVAILABILITY,domains.list,2021-07-04 08:25:06.846729
8uvhs3a.com,AVAILABILITY,domains.list,2021-07-04 08:25:17.869269
8y1g82gd8g1h28g1d8h12d8h1h2d-mailnetworkmail-mesage.com,AVAILABILITY,domains.list,2021-07-04 08:25:24.145956
9-frenzy.com,AVAILABILITY,domains.list,2021-07-04 08:25:24.459212
9.co.ua,AVAILABILITY,domains.list,2021-07-04 08:25:26.651402
909clarkeconfigure.com,AVAILABILITY,domains.list,2021-07-04 08:25:49.398342
91522094.eresa.club,AVAILABILITY,domains.list,2021-07-04 08:26:01.831167
918kissbigwin.com,AVAILABILITY,domains.list,2021-07-04 08:26:02.198847
91liangcheng.com,AVAILABILITY,domains.list,2021-07-04 08:26:02.638186
91travels.com,AVAILABILITY,domains.list,2021-07-04 08:26:02.997477
925151552159limt9.blob.core.windows.net,AVAILABILITY,domains.list,2021-07-04 08:26:03.702855
92746.pl,AVAILABILITY,domains.list,2021-07-04 08:26:04.703591
9529629419emmy9.blob.core.windows.net,AVAILABILITY,domains.list,2021-07-04 08:26:10.211885
95588r.com,AVAILABILITY,domains.list,2021-07-04 08:26:11.783199
959641494194riddan9.blob.core.windows.net,AVAILABILITY,domains.list,2021-07-04 08:26:17.474781
95aqari.com,AVAILABILITY,domains.list,2021-07-04 08:26:17.900298
95d2e4d00bfe48961225cee6117445co.com,AVAILABILITY,domains.list,2021-07-04 08:26:38.680617
95qe3.com,AVAILABILITY,domains.list,2021-07-04 08:26:39.060277
961623416stoner9.blob.core.windows.net,AVAILABILITY,domains.list,2021-07-04 08:26:39.369335
97-1fmcasablanca.com,AVAILABILITY,domains.list,2021-07-04 08:26:40.695781
974handelviolate.com,AVAILABILITY,domains.list,2021-07-04 08:26:46.550128
976481.cf,AVAILABILITY,domains.list,2021-07-04 08:26:58.342797
978654454676223.top,AVAILABILITY,domains.list,2021-07-04 08:27:00.930884
98118312.reas.xyz,AVAILABILITY,domains.list,2021-07-04 08:27:04.619197
98185696.eborah93.club,AVAILABILITY,domains.list,2021-07-04 08:27:10.163651
984747700.axwebsite.com,AVAILABILITY,domains.list,2021-07-04 08:27:25.467464
98696968957846fdhgxnndhcgnzbfxbbbbbbb.000webhostapp.com,AVAILABILITY,domains.list,2021-07-04 08:27:32.239833
98765435633223323.top,AVAILABILITY,domains.list,2021-07-04 08:27:40.087350
9876567898.000webhostapp.com,AVAILABILITY,domains.list,2021-07-04 08:27:42.068049
987776pt.000webhostapp.com,AVAILABILITY,domains.list,2021-07-04 08:27:45.519689
9880mal728.info,AVAILABILITY,domains.list,2021-07-04 08:27:46.100145
98frgjdud12.000webhostapp.com,AVAILABILITY,domains.list,2021-07-04 08:27:49.196386
992893o2892.info,AVAILABILITY,domains.list,2021-07-04 08:28:00.353163
999-kenyon-wrath-abroad.com,AVAILABILITY,domains.list,2021-07-04 08:28:06.678002
9d4ef649a787453e896f2b2549bf22af.testing-url.ws,AVAILABILITY,domains.list,2021-07-04 08:28:17.158747
9e5141d6c1e3daadd7b8fe095d261ed.com,AVAILABILITY,domains.list,2021-07-04 08:28:22.794099
9e5141d6c1e3daadd7b8fe09faed45tgy.com,AVAILABILITY,domains.list,2021-07-04 08:28:28.614542
9fef0168.000webhostapp.com,AVAILABILITY,domains.list,2021-07-04 08:28:31.720588
9jg.ru,AVAILABILITY,domains.list,2021-07-04 08:28:34.013008
9pro.co.uk,AVAILABILITY,domains.list,2021-07-04 08:28:59.828476
9tp7bpmhfktzy8jjemqfi2u8sh9c51do.com,AVAILABILITY,domains.list,2021-07-04 08:30:13.289635
9vp4.top,AVAILABILITY,domains.list,2021-07-04 08:30:24.759911
9xv4.top,AVAILABILITY,domains.list,2021-07-04 08:30:25.893808
a-alhoda.net,AVAILABILITY,domains.list,2021-07-04 08:30:28.718947
a-facebook.com,AVAILABILITY,domains.list,2021-07-04 08:30:29.239271
a-maior-de-todas.com,AVAILABILITY,domains.list,2021-07-04 08:30:30.046494
a-melhor-da-semana.com,AVAILABILITY,domains.list,2021-07-04 08:30:30.329261
a01660166.com,AVAILABILITY,domains.list,2021-07-04 08:30:36.604660
a2btransfers.lt,AVAILABILITY,domains.list,2021-07-04 08:31:17.702962
a2plvcpnl157785.prod.iad2.secureserver.net,AVAILABILITY,domains.list,2021-07-04 08:33:24.395195
a2plvcpnl228350.prod.iad2.secureserver.net,AVAILABILITY,domains.list,2021-07-04 08:33:30.068006
a2plvcpnl274876.prod.iad2.secureserver.net,AVAILABILITY,domains.list,2021-07-04 08:33:31.200188
a2plvcpnl60213.prod.iad2.secureserver.net,AVAILABILITY,domains.list,2021-07-04 08:33:31.762383
a2zconsultantgroup.000webhostapp.com,AVAILABILITY,domains.list,2021-07-04 08:33:35.856227
a2ztrading.in,AVAILABILITY,domains.list,2021-07-04 08:33:47.000487
a4homefloorcleaners.com,AVAILABILITY,domains.list,2021-07-04 08:33:53.432510
a4qza6zeymscmwnjasqnd8auicvtbx.galton.pila.pl,AVAILABILITY,domains.list,2021-07-04 08:34:03.885422
a5-secvx.tk,AVAILABILITY,domains.list,2021-07-04 08:34:07.284252
a6fee1ae1cf4f5f542c1b1b149509a0j.com,AVAILABILITY,domains.list,2021-07-04 08:34:07.786648
a6fee1ae1cf4f5f542c1b1b149509aui.com,AVAILABILITY,domains.list,2021-07-04 08:34:08.112162
a7aw2.000webhostapp.com,AVAILABILITY,domains.list,2021-07-04 08:34:22.044553
a8r.ir,AVAILABILITY,domains.list,2021-07-04 08:34:42.907460
aa-dr.top,AVAILABILITY,domains.list,2021-07-04 08:34:45.820087
aa-ea.top,AVAILABILITY,domains.list,2021-07-04 08:34:47.297246
aa-ec.top,AVAILABILITY,domains.list,2021-07-04 08:34:48.784470
aa-ed.top,AVAILABILITY,domains.list,2021-07-04 08:34:50.000600
aa-eg.top,AVAILABILITY,domains.list,2021-07-04 08:34:50.888189
aa-ew.top,AVAILABILITY,domains.list,2021-07-04 08:35:02.493372
aa-hb.top,AVAILABILITY,domains.list,2021-07-04 08:35:07.319106
aa-pc.top,AVAILABILITY,domains.list,2021-07-04 08:35:08.977329
aa-qe.top,AVAILABILITY,domains.list,2021-07-04 08:35:14.403977
aa-qx.top,AVAILABILITY,domains.list,2021-07-04 08:35:16.235713
aa-sc.top,AVAILABILITY,domains.list,2021-07-04 08:35:22.437526
aa-tt.top,AVAILABILITY,domains.list,2021-07-04 08:35:28.674990
aa-ua.top,AVAILABILITY,domains.list,2021-07-04 08:35:30.005323
aa-wb.top,AVAILABILITY,domains.list,2021-07-04 08:35:36.569719
aa-wg.top,AVAILABILITY,domains.list,2021-07-04 08:35:47.429359
aa-wh.top,AVAILABILITY,domains.list,2021-07-04 08:35:48.390818
aa-wy.top,AVAILABILITY,domains.list,2021-07-04 08:35:49.653489
aaaabbb12aa.000webhostapp.com,AVAILABILITY,domains.list,2021-07-04 08:36:14.121154
aabodeclouddocumentpdfdownloadsharelink.000webhostapp.com,AVAILABILITY,domains.list,2021-07-04 08:36:20.488871
aadharcharitable.org,AVAILABILITY,domains.list,2021-07-04 08:36:35.206535
aadyaaprintpacks.com,AVAILABILITY,domains.list,2021-07-04 08:36:37.339663
aafashiongallery.com,AVAILABILITY,domains.list,2021-07-04 08:36:37.670093
aaganigudda.com,AVAILABILITY,domains.list,2021-07-04 08:36:55.084140
aagpani.com,AVAILABILITY,domains.list,2021-07-04 08:36:55.498916
aahad.in,AVAILABILITY,domains.list,2021-07-04 08:37:00.101786
aahhhaahhhh.000webhostapp.com,AVAILABILITY,domains.list,2021-07-04 08:37:02.138228
aahrcpllc.com,AVAILABILITY,domains.list,2021-07-04 08:37:07.698294
aanandisardana.com,AVAILABILITY,domains.list,2021-07-04 08:37:48.962091
aantodz555.000webhostapp.com,AVAILABILITY,domains.list,2021-07-04 08:37:52.101300
aapjbbempresas.cf,AVAILABILITY,domains.list,2021-07-04 08:38:10.751815
aappf.top,AVAILABILITY,domains.list,2021-07-04 08:38:17.110792
aarrafi.com,AVAILABILITY,domains.list,2021-07-04 08:38:34.565863
aasddsxc.com,AVAILABILITY,domains.list,2021-07-04 08:38:36.067494
aashianarestaurante.com,AVAILABILITY,domains.list,2021-07-04 08:38:36.820796
aaskformore.com,AVAILABILITY,domains.list,2021-07-04 08:38:37.109999
aasthainterior.com,AVAILABILITY,domains.list,2021-07-04 08:38:50.560755
aasthajewellery.com,AVAILABILITY,domains.list,2021-07-04 08:38:50.881912
aayat.com.bd,AVAILABILITY,domains.list,2021-07-04 08:38:55.975989
aayfi.top,AVAILABILITY,domains.list,2021-07-04 08:38:57.704384
ab3293012r.temp.swtest.ru,AVAILABILITY,domains.list,2021-07-04 08:39:06.350002
abadalink.info,AVAILABILITY,domains.list,2021-07-04 08:39:43.499648
abaiejewelry.com,AVAILABILITY,domains.list,2021-07-04 08:40:05.650269
abaju.net,AVAILABILITY,domains.list,2021-07-04 08:40:06.039389
abantuholdings.com,AVAILABILITY,domains.list,2021-07-04 08:40:08.876709
abar-sy.com,AVAILABILITY,domains.list,2021-07-04 08:40:09.184035
abbaconstruction.co.ke,AVAILABILITY,domains.list,2021-07-04 08:40:16.416756
abcinganni.org,AVAILABILITY,domains.list,2021-07-04 08:40:54.789443
abdashort.ga,AVAILABILITY,domains.list,2021-07-04 08:41:08.460114
abdelhady-m-ismail.waw.pl,AVAILABILITY,domains.list,2021-07-04 08:41:09.704989
abdullohkhizazi.com,AVAILABILITY,domains.list,2021-07-04 08:41:11.902868
abdulmohit.com,AVAILABILITY,domains.list,2021-07-04 08:41:17.399643
abedart.com,AVAILABILITY,domains.list,2021-07-04 08:41:17.647458
abeerreadymadegarmentstradingllc.com,AVAILABILITY,domains.list,2021-07-04 08:41:22.636509
abelaragenciahoje.com,AVAILABILITY,domains.list,2021-07-04 08:41:28.134917
abelav.com.au,AVAILABILITY,domains.list,2021-07-04 08:41:28.734502
abendbrot.top,AVAILABILITY,domains.list,2021-07-04 08:41:30.659233
abgleich-kundennummer-319312.datxanh.info,AVAILABILITY,domains.list,2021-07-04 08:42:00.576345
abgleich-kundennummer-377797.gizlikamera.info,AVAILABILITY,domains.list,2021-07-04 08:42:00.777072
abgleich-kundennummer-568691.midiavip.info,AVAILABILITY,domains.list,2021-07-04 08:42:02.496768
abgleich-vorgangsnummer-286676.rajeshpandey.info,AVAILABILITY,domains.list,2021-07-04 08:42:09.426746
abgleich-vorgangsnummer-416493.l2boss.info,AVAILABILITY,domains.list,2021-07-04 08:42:16.326066
abgleich-vorgangsnummer-906637.namcuong.info,AVAILABILITY,domains.list,2021-07-04 08:42:16.538689
abguitar.com.ve,AVAILABILITY,domains.list,2021-07-04 08:42:20.080901
abhafzan.com,AVAILABILITY,domains.list,2021-07-04 08:42:20.541311
abhinandanamevents.instantwebsitedevelopment.com,AVAILABILITY,domains.list,2021-07-04 08:42:21.393646
abhinavdhar.com,AVAILABILITY,domains.list,2021-07-04 08:42:21.686939
abia.vn,AVAILABILITY,domains.list,2021-07-04 08:42:51.727589
abingroup-sac.com,AVAILABILITY,domains.list,2021-07-04 08:42:55.811472
abkd.000webhostapp.com,AVAILABILITY,domains.list,2021-07-04 08:43:08.605783
ablegod11.000webhostapp.com,AVAILABILITY,domains.list,2021-07-04 08:43:12.349974
ablusa.org.br,AVAILABILITY,domains.list,2021-07-04 08:43:23.299632
abn-amanrosercure.top,AVAILABILITY,domains.list,2021-07-04 08:43:25.541285
abn-verificatie.me,AVAILABILITY,domains.list,2021-07-04 08:43:26.459380
abnamroklantomgeving.aaabbbbnnn.com,AVAILABILITY,domains.list,2021-07-04 08:43:28.380370
abnb09list.temp.swtest.ru,AVAILABILITY,domains.list,2021-07-04 08:43:35.559693
abnewyork.com,AVAILABILITY,domains.list,2021-07-04 08:43:35.846323
abnklantenupdate.club,AVAILABILITY,domains.list,2021-07-04 08:43:41.837636
abnveiligomgeving.info,AVAILABILITY,domains.list,2021-07-04 08:43:47.436287
abobora.fechoo.com.br,AVAILABILITY,domains.list,2021-07-04 08:43:53.714001
aboneliknoktasi.com,AVAILABILITY,domains.list,2021-07-04 08:44:04.879477
abonnements-ovh.com,AVAILABILITY,domains.list,2021-07-04 08:44:05.240160
aboubida2018.000webhostapp.com,AVAILABILITY,domains.list,2021-07-04 08:44:09.059578
aboutthedoberman.com,AVAILABILITY,domains.list,2021-07-04 08:44:11.093457
abramsburgess.com,AVAILABILITY,domains.list,2021-07-04 08:44:42.408649
abril-pascoaoportunidades.com,AVAILABILITY,domains.list,2021-07-04 08:44:47.576315
abrilemdescontos.com,AVAILABILITY,domains.list,2021-07-04 08:44:47.869879
absa.click,AVAILABILITY,domains.list,2021-07-04 08:45:57.402431
absaalerts.live,AVAILABILITY,domains.list,2021-07-04 08:45:59.267434
abserv2019.com,AVAILABILITY,domains.list,2021-07-04 08:46:02.340415
absinthestewy.co.za,AVAILABILITY,domains.list,2021-07-04 08:46:04.580163
absnamos-virtualedatanering.nl,AVAILABILITY,domains.list,2021-07-04 08:46:05.486247
absolod.tk,AVAILABILITY,domains.list,2021-07-04 08:46:13.653867
absoloz.ga,AVAILABILITY,domains.list,2021-07-04 08:46:18.405469
absoluteacre.com.pl,AVAILABILITY,domains.list,2021-07-04 08:46:21.149036
absolutepoolsinc.tk,AVAILABILITY,domains.list,2021-07-04 08:46:23.504616
absorbent-butadiene.com,AVAILABILITY,domains.list,2021-07-04 08:46:24.804487
abssware.com,AVAILABILITY,domains.list,2021-07-04 08:46:25.464970
abtohjio.com,AVAILABILITY,domains.list,2021-07-04 08:46:49.727499
abtualzer.com,AVAILABILITY,domains.list,2021-07-04 08:46:50.128151
abudhabi-locals.com,AVAILABILITY,domains.list,2021-07-04 08:46:52.114684
abughazza.com,AVAILABILITY,domains.list,2021-07-04 08:46:52.908775
abuhuzaifatech.com,AVAILABILITY,domains.list,2021-07-04 08:46:53.387751
abundanceinheels.com,AVAILABILITY,domains.list,2021-07-04 08:46:54.304797
abuse-track-paypal.eu,AVAILABILITY,domains.list,2021-07-04 08:46:58.471523
abusinessintelligencetanque.com,AVAILABILITY,domains.list,2021-07-04 08:46:58.881930
ac-luxpay.com,AVAILABILITY,domains.list,2021-07-04 08:47:02.163427
ac-payd.net,AVAILABILITY,domains.list,2021-07-04 08:47:02.776780
ac0-acc3ss-r3st.com,AVAILABILITY,domains.list,2021-07-04 08:47:03.686294
acabadosariza.com,AVAILABILITY,domains.list,2021-07-04 08:47:04.453458
acaciacapitol.mx,AVAILABILITY,domains.list,2021-07-04 08:47:13.727563
academiacge.com.br,AVAILABILITY,domains.list,2021-07-04 08:47:21.296568
academiaencore.com,AVAILABILITY,domains.list,2021-07-04 08:47:24.256926
academialtacostura.com.ve,AVAILABILITY,domains.list,2021-07-04 08:47:25.968763
academiatech.club,AVAILABILITY,domains.list,2021-07-04 08:47:28.528459
acalfombrados.com,AVAILABILITY,domains.list,2021-07-04 08:47:49.798925
acc-123apps.com,AVAILABILITY,domains.list,2021-07-04 08:48:16.456929
acc-c1bc-rstd238.com,AVAILABILITY,domains.list,2021-07-04 08:48:16.879402
acc-setup78.com,AVAILABILITY,domains.list,2021-07-04 08:48:17.749426
accauntpaypay.club,AVAILABILITY,domains.list,2021-07-04 08:48:19.510333
accdweb01desjardins.com,AVAILABILITY,domains.list,2021-07-04 08:48:19.976058
acceder-a-vos-fonds011.com,AVAILABILITY,domains.list,2021-07-04 08:48:20.407689
acceo.000webhostapp.com,AVAILABILITY,domains.list,2021-07-04 08:48:30.293093
accept22.ru,AVAILABILITY,domains.list,2021-07-04 08:48:32.394476
acceptdeposit.info,AVAILABILITY,domains.list,2021-07-04 08:48:32.720899
acceptincoming.com,AVAILABILITY,domains.list,2021-07-04 08:48:33.122301
acces-agicole.com,AVAILABILITY,domains.list,2021-07-04 08:48:33.474101
acces-fonds025.com,AVAILABILITY,domains.list,2021-07-04 08:48:33.890005
acces-inc-fr.ml,AVAILABILITY,domains.list,2021-07-04 08:48:35.009482
acces-inc-pay-pal.ml,AVAILABILITY,domains.list,2021-07-04 08:48:35.942834
acces-inc-service1.gq,AVAILABILITY,domains.list,2021-07-04 08:48:41.777044
accesbrasil.com.br,AVAILABILITY,domains.list,2021-07-04 08:48:42.970148
accesd-affaire.com,AVAILABILITY,domains.list,2021-07-04 08:48:43.485793
accesd-web-info.com,AVAILABILITY,domains.list,2021-07-04 08:48:44.592692
accesd01verif.com,AVAILABILITY,domains.list,2021-07-04 08:48:45.019496
acceso4ing.com,AVAILABILITY,domains.list,2021-07-04 08:48:45.396970
accesrestreint-inccomptefrance.com,AVAILABILITY,domains.list,2021-07-04 08:48:47.711882
access-mobileservices.com,AVAILABILITY,domains.list,2021-07-04 08:48:48.970038
access.secure-help-desk.com,AVAILABILITY,domains.list,2021-07-04 08:48:51.322077
access00au.com,AVAILABILITY,domains.list,2021-07-04 08:48:51.721734
access05.000webhostapp.com,AVAILABILITY,domains.list,2021-07-04 08:48:53.305351
accesscol.com.pl,AVAILABILITY,domains.list,2021-07-04 08:48:57.212130
accessham.com.pl,AVAILABILITY,domains.list,2021-07-04 08:49:00.071691
accessibliti.ga,AVAILABILITY,domains.list,2021-07-04 08:49:05.793826
accessify.000webhostapp.com,AVAILABILITY,domains.list,2021-07-04 08:49:07.216169
accessinc-accounpleasein-boxtoall.net,AVAILABILITY,domains.list,2021-07-04 08:49:07.641210
accessinc-accountmail2019box.net,AVAILABILITY,domains.list,2021-07-04 08:49:08.129220
accesskit.net.pl,AVAILABILITY,domains.list,2021-07-04 08:49:09.756786
accessmailaccounstopbin.com,AVAILABILITY,domains.list,2021-07-04 08:49:10.041833
accessoriesbytk.co.za,AVAILABILITY,domains.list,2021-07-04 08:49:11.215415
accesspaypalinformation.com,AVAILABILITY,domains.list,2021-07-04 08:49:14.957477
accessuspendu.net,AVAILABILITY,domains.list,2021-07-04 08:49:15.659737
accesweb-d.info,AVAILABILITY,domains.list,2021-07-04 08:49:16.368998
acceuil-pp.com,AVAILABILITY,domains.list,2021-07-04 08:49:17.145327
accidentattorneyteam.top,AVAILABILITY,domains.list,2021-07-04 08:49:20.859260
accionpymebanorte.com,AVAILABILITY,domains.list,2021-07-04 08:49:21.522209
acclgnsecu.com,AVAILABILITY,domains.list,2021-07-04 08:49:22.073388
according2me.lk,AVAILABILITY,domains.list,2021-07-04 08:49:26.003597
accounhelp.dynv6.net,AVAILABILITY,domains.list,2021-07-04 08:49:27.926614
account-access-point-v1.com.pl,AVAILABILITY,domains.list,2021-07-04 08:49:29.429662
account-agicole.com,AVAILABILITY,domains.list,2021-07-04 08:49:29.847721
account-agicoles.com,AVAILABILITY,domains.list,2021-07-04 08:49:30.301030
account-amazon-updata-openid-senter-error.pgdfss.com,AVAILABILITY,domains.list,2021-07-04 08:49:30.542111
account-closed-session.tricialawleyphotography.com,AVAILABILITY,domains.list,2021-07-04 08:49:35.513840
account-cox-service.free-h.net,AVAILABILITY,domains.list,2021-07-04 08:49:50.045537
account-ee.co.uk,AVAILABILITY,domains.list,2021-07-04 08:49:50.517863
account-globalverify.com,AVAILABILITY,domains.list,2021-07-04 08:49:51.798756
account-info-online.com,AVAILABILITY,domains.list,2021-07-04 08:49:52.159287
account-is-locked.co.uk,AVAILABILITY,domains.list,2021-07-04 08:49:53.109864
account-is-locked.com,AVAILABILITY,domains.list,2021-07-04 08:49:53.537171
account-is-locked.net,AVAILABILITY,domains.list,2021-07-04 08:49:53.878793
account-issues.paypql.com.encourageme.tv,AVAILABILITY,domains.list,2021-07-04 08:49:54.045809
account-locked-activityreportsecure-information152.com,AVAILABILITY,domains.list,2021-07-04 08:49:54.942844
account-locked-activityreportsecure-information152.info,AVAILABILITY,domains.list,2021-07-04 08:49:55.261961
account-locked-activityreportsecure-information152.net,AVAILABILITY,domains.list,2021-07-04 08:49:55.625070
account-locked-activityreportsecure-information152.org,AVAILABILITY,domains.list,2021-07-04 08:49:57.414935
account-login-secured-limitedaccessed01.com,AVAILABILITY,domains.list,2021-07-04 08:49:57.757695
account-management-us.com,AVAILABILITY,domains.list,2021-07-04 08:49:58.381559
account-overview.com,AVAILABILITY,domains.list,2021-07-04 08:49:59.529902
account-problem-resetting-support-amazn.com,AVAILABILITY,domains.list,2021-07-04 08:50:00.072728
account-problem-resetting-support-appleid-apple.com,AVAILABILITY,domains.list,2021-07-04 08:50:00.522892
account-problem-resetting-support-appleid-apple.info,AVAILABILITY,domains.list,2021-07-04 08:50:00.854033
account-protection-online.com,AVAILABILITY,domains.list,2021-07-04 08:50:01.163417
account-recovery-support-rakuten.com,AVAILABILITY,domains.list,2021-07-04 08:50:01.778224
account-recovery-warnning-amazon.com,AVAILABILITY,domains.list,2021-07-04 08:50:02.205049
account-security-information.pongconnectnyc.com,AVAILABILITY,domains.list,2021-07-04 08:50:03.165793
account-shield-au.com,AVAILABILITY,domains.list,2021-07-04 08:50:04.529415
account-support.rantirose.com,AVAILABILITY,domains.list,2021-07-04 08:50:05.506632
account-temporarily-limited.com,AVAILABILITY,domains.list,2021-07-04 08:50:06.669540
account-temporarily-locked.net,AVAILABILITY,domains.list,2021-07-04 08:50:07.088149
account-updaate-verif.com,AVAILABILITY,domains.list,2021-07-04 08:50:07.571439
account-update-amazon-82392dds3gi4-oimgdo-ssdgr.com,AVAILABILITY,domains.list,2021-07-04 08:50:07.942424
account-update-amazon-co-jp-82392dds3gi5-oimgdo-ssdgr.com,AVAILABILITY,domains.list,2021-07-04 08:50:08.306993
account-update-amazon-co-jp.net,AVAILABILITY,domains.list,2021-07-04 08:50:08.772514
account-update-amazon-co-jp.xinyanghuanbao.com,AVAILABILITY,domains.list,2021-07-04 08:50:09.161620
account-update-amazon-co.com,AVAILABILITY,domains.list,2021-07-04 08:50:09.641847
account-validationdesj.com,AVAILABILITY,domains.list,2021-07-04 08:50:12.639421
account-verifid.com,AVAILABILITY,domains.list,2021-07-04 08:50:13.299927
account.apple.com.loginao.org,AVAILABILITY,domains.list,2021-07-04 08:50:19.753507
account.apple.com.loginso.org,AVAILABILITY,domains.list,2021-07-04 08:50:20.014617
account.microsoftt.opalsdka.com,AVAILABILITY,domains.list,2021-07-04 08:50:21.072168
account.paypal.security.aceshiprecycling.com,AVAILABILITY,domains.list,2021-07-04 08:50:21.500139
account.social,AVAILABILITY,domains.list,2021-07-04 08:50:22.239701
account.verifycation.jembutkuda.com,AVAILABILITY,domains.list,2021-07-04 08:50:22.523249
account101.000webhostapp.com,AVAILABILITY,domains.list,2021-07-04 08:50:23.634451
account1148.top,AVAILABILITY,domains.list,2021-07-04 08:50:25.665028
account1212.000webhostapp.com,AVAILABILITY,domains.list,2021-07-04 08:50:26.882511
account8393299288389129893.ga,AVAILABILITY,domains.list,2021-07-04 08:50:29.701676
account8393299288389129893.tk,AVAILABILITY,domains.list,2021-07-04 08:50:31.993363
accountingthanv.com,AVAILABILITY,domains.list,2021-07-04 08:50:35.372908
accountk.000webhostapp.com,AVAILABILITY,domains.list,2021-07-04 08:50:36.344742
accountpayment-verlfied.com,AVAILABILITY,domains.list,2021-07-04 08:50:36.860980
accountpaytrip.000webhostapp.com,AVAILABILITY,domains.list,2021-07-04 08:50:37.619181
accountrefresh.info,AVAILABILITY,domains.list,2021-07-04 08:50:38.095153
accounts-agicole.com,AVAILABILITY,domains.list,2021-07-04 08:50:38.508221
accounts-agicoles.com,AVAILABILITY,domains.list,2021-07-04 08:50:38.926193
accounts-infos.com,AVAILABILITY,domains.list,2021-07-04 08:50:40.313063
accounts-login.org,AVAILABILITY,domains.list,2021-07-04 08:50:40.769525
accounts-recovery-support-amazon.com,AVAILABILITY,domains.list,2021-07-04 08:50:41.710414
accounts-recovery-warnning-amazon.com,AVAILABILITY,domains.list,2021-07-04 08:50:42.089901
accounts-resetting-warnning-amazon.com,AVAILABILITY,domains.list,2021-07-04 08:50:42.465407
accounts.account-verify.in,AVAILABILITY,domains.list,2021-07-04 08:50:42.781263
accounts.google.com.notecia.inf.br,AVAILABILITY,domains.list,2021-07-04 08:50:44.629732
accounts.google.com.serviceloginservicemailpassivetruerm-falsecontinuemail.google.com.mail.ss1scc1tmpldefaultltmplcache2emr1osid1.financetrendnews.com,AVAILABILITY,domains.list,2021-07-04 08:50:45.163538
accounts.instagram.com.bb3.in,AVAILABILITY,domains.list,2021-07-04 08:50:47.312698
accountsecurityproject.com,AVAILABILITY,domains.list,2021-07-04 08:50:50.634099
accountservice.dynv6.net,AVAILABILITY,domains.list,2021-07-04 08:50:53.321498
accountsupport-caselimted.com,AVAILABILITY,domains.list,2021-07-04 08:51:02.317636
accountuk-secure.net,AVAILABILITY,domains.list,2021-07-04 08:51:04.376267
accountupdate.updatebillinginfo.appleid.cmd.appleservicesweb.com,AVAILABILITY,domains.list,2021-07-04 08:51:04.834956
accountuptonowupdate.com,AVAILABILITY,domains.list,2021-07-04 08:51:05.327695
accountuserportal392932.com,AVAILABILITY,domains.list,2021-07-04 08:51:05.671733
accountverification.app-index-secure-app.com,AVAILABILITY,domains.list,2021-07-04 08:51:08.339427
accout-amazon-co-jp.etgbhyjk.com,AVAILABILITY,domains.list,2021-07-04 08:51:09.410412
accout-amazon-co-jp.ldsfeu.com,AVAILABILITY,domains.list,2021-07-04 08:51:09.804337
accouunts-verifyonlinesuspen.com,AVAILABILITY,domains.list,2021-07-04 08:51:11.168897
accppvl.fr,AVAILABILITY,domains.list,2021-07-04 08:51:13.018148
accra-fortunate-inexpiable.com,AVAILABILITY,domains.list,2021-07-04 08:51:13.510774
accrplc.com,AVAILABILITY,domains.list,2021-07-04 08:51:14.431597
accsetup.com,AVAILABILITY,domains.list,2021-07-04 08:51:15.606174
accspawner.tk,AVAILABILITY,domains.list,2021-07-04 08:51:17.857694
acctsrcvd.000webhostapp.com,AVAILABILITY,domains.list,2021-07-04 08:51:20.084576
accweb-desjardins-enligne-securite.com,AVAILABILITY,domains.list,2021-07-04 08:51:27.316895
accweb-mouvdesj.com,AVAILABILITY,domains.list,2021-07-04 08:51:27.724425
accweb-mouvement-desjardins-securite.com,AVAILABILITY,domains.list,2021-07-04 08:51:28.145526
accweb01desjverf.com,AVAILABILITY,domains.list,2021-07-04 08:51:34.551413
accwebmouv-desjardin.com,AVAILABILITY,domains.list,2021-07-04 08:51:34.922823
accwebmov-desjardins.com,AVAILABILITY,domains.list,2021-07-04 08:51:35.355468
accwebs01mouvdesjardins.com,AVAILABILITY,domains.list,2021-07-04 08:51:35.853529
acegfxradio.com,AVAILABILITY,domains.list,2021-07-04 08:51:46.248012
aceh-tour.com,AVAILABILITY,domains.list,2021-07-04 08:51:46.596861
acella-pharma.com,AVAILABILITY,domains.list,2021-07-04 08:51:46.985432
acerte.biz,AVAILABILITY,domains.list,2021-07-04 08:51:52.474519
acervejaperfeita.com,AVAILABILITY,domains.list,2021-07-04 08:51:52.881466
acesolution.com.au,AVAILABILITY,domains.list,2021-07-04 08:52:04.872497
acessandoapp.com,AVAILABILITY,domains.list,2021-07-04 08:52:05.429043
acessarportal.com,AVAILABILITY,domains.list,2021-07-04 08:52:05.808907
acesse-portal2019.com,AVAILABILITY,domains.list,2021-07-04 08:52:08.381961
acessecontatobb2019.com,AVAILABILITY,domains.list,2021-07-04 08:52:08.697789
acesseportal-att.com,AVAILABILITY,domains.list,2021-07-04 08:52:09.119317
acesseportal.com,AVAILABILITY,domains.list,2021-07-04 08:52:09.543757
acessesuacontapaypseuvouchers.000webhostapp.com,AVAILABILITY,domains.list,2021-07-04 08:52:10.550760
acesso-cliente-fisico.com,AVAILABILITY,domains.list,2021-07-04 08:52:11.208620
acesso-inter.digital,AVAILABILITY,domains.list,2021-07-04 08:52:12.407098
acesso-novidades.com,AVAILABILITY,domains.list,2021-07-04 08:52:12.776674
acesso-pessoa-fisica.com,AVAILABILITY,domains.list,2021-07-04 08:52:13.154603
acesso-safra-empresarial.com,AVAILABILITY,domains.list,2021-07-04 08:52:13.540176
acesso.informeinterads.com,AVAILABILITY,domains.list,2021-07-04 08:52:15.172996
acesso.mercadbltcoins.com,AVAILABILITY,domains.list,2021-07-04 08:52:15.459899
acesso.mercadobitcoln.com,AVAILABILITY,domains.list,2021-07-04 08:52:15.685611
acessoblindadoacessando.com,AVAILABILITY,domains.list,2021-07-04 08:52:16.138542
acessobrasilempresas2.com,AVAILABILITY,domains.list,2021-07-04 08:52:16.580581
acessoempresarial3.com,AVAILABILITY,domains.list,2021-07-04 08:52:17.000248
acessoesferamundo.com,AVAILABILITY,domains.list,2021-07-04 08:52:17.490649
acessointer.com,AVAILABILITY,domains.list,2021-07-04 08:52:18.146924
acessont.com,AVAILABILITY,domains.list,2021-07-04 08:52:18.860474
acessoparatodosonli.com,AVAILABILITY,domains.list,2021-07-04 08:52:19.341657
acessoportaldoitau.info,AVAILABILITY,domains.list,2021-07-04 08:52:20.834617
acessorestritoseg.com,AVAILABILITY,domains.list,2021-07-04 08:52:21.310244
acessosegurosantander.com,AVAILABILITY,domains.list,2021-07-04 08:52:22.411453
acessovariadosrestrigindo.com,AVAILABILITY,domains.list,2021-07-04 08:52:24.294819
ach-alert.jdevcloud.com,AVAILABILITY,domains.list,2021-07-04 08:52:47.208293
acheiaraxa.com.br,AVAILABILITY,domains.list,2021-07-04 08:52:54.659754
acheter-backlinks.com,AVAILABILITY,domains.list,2021-07-04 08:52:54.930081
acheterdo.com,AVAILABILITY,domains.list,2021-07-04 08:52:55.288201
acheterpermisfacile.fr,AVAILABILITY,domains.list,2021-07-04 08:52:56.993888
achievewareness.auroin.net,AVAILABILITY,domains.list,2021-07-04 08:52:58.770617
achildsworldcenters.top,AVAILABILITY,domains.list,2021-07-04 08:53:01.890662
achinsk18.ru,AVAILABILITY,domains.list,2021-07-04 08:53:03.140453
achrlf.pk,AVAILABILITY,domains.list,2021-07-04 08:53:06.709656
acibin.com,AVAILABILITY,domains.list,2021-07-04 08:53:13.131575
